ID,First Name,Last Name,Email,Password,City,State,Phone,Address,Zip,Diet,Preferred Cuisines
2,Layla,Edwards,user1@example.com,QWEasd123!,Long Beach,CA,555-2001,5621 Oak Ave,48931,Gluten-free,"Korean, Thai, Caribbean"
11,Nicholas,Hall,user10@example.com,QWEasd123!,San Francisco,CA,555-2010,509 Elm St,26525,Keto,"American, Japanese, Peruvian, Greek, Chinese"
101,Gary,Ruiz,user100@example.com,QWEasd123!,Dallas,TX,555-2100,3304 Second Ave,69989,Vegan,"Peruvian, Spanish, Chinese"
12,Jonathan,Evans,user11@example.com,QWEasd123!,Columbus,OH,555-2011,9342 Second Ave,80617,No restrictions,"Moroccan, American, Turkish, Peruvian, Japanese"
13,Michelle,Morgan,user12@example.com,QWEasd123!,Memphis,TN,555-2012,7034 Park Blvd,84802,Gluten-free,"Italian, Spanish, Greek"
14,Amy,Kelly,user13@example.com,QWEasd123!,Dallas,TX,555-2013,5191 Main St,44674,Dairy-free,"Italian, Moroccan, Mexican, Ethiopian, Mediterranean"
15,Timothy,Cooper,user14@example.com,QWEasd123!,New Orleans,LA,555-2014,841 Park Blvd,66253,No restrictions,"Brazilian, Turkish, Spanish, Lebanese, French"
16,Zoe,Murphy,user15@example.com,QWEasd123!,Albuquerque,NM,555-2015,1877 Second Ave,35056,Paleo,"Chinese, Indian, Japanese"
17,Jeffrey,Chen,user16@example.com,QWEasd123!,Milwaukee,WI,555-2016,5465 Elm St,81455,Gluten-free,"Lebanese, Spanish, Italian, Greek, Mediterranean"
18,Nora,Turner,user17@example.com,QWEasd123!,Louisville,KY,555-2017,849 Maple Ave,23059,Vegan,"American, Moroccan, Mediterranean, Vietnamese"
19,George,Gray,user18@example.com,QWEasd123!,Denver,CO,555-2018,2716 Maple Ave,67786,Vegetarian,"Brazilian, Ethiopian, Mexican, Italian, Moroccan"
20,Leah,Campbell,user19@example.com,QWEasd123!,Oklahoma City,OK,555-2019,1932 Main St,97052,No restrictions,"Ethiopian, Turkish"
3,Michael,Stewart,user2@example.com,QWEasd123!,Minneapolis,MN,555-2002,6281 Second Ave,21620,Low-sodium,"Indian, Korean, Vietnamese, Mexican"
21,Amy,Rogers,user20@example.com,QWEasd123!,Nashville,TN,555-2020,3593 Second Ave,56832,Gluten-free,"Ethiopian, Mexican, Vietnamese, American, Indian"
22,Lisa,Martinez,user21@example.com,QWEasd123!,Tucson,AZ,555-2021,5031 Second Ave,26328,Vegetarian,"Peruvian, Brazilian, Greek, Korean"
23,Abigail,Carter,user22@example.com,QWEasd123!,Seattle,WA,555-2022,6758 Maple Ave,14308,No restrictions,"Mexican, Japanese, Moroccan, Caribbean"
24,Scott,Diaz,user23@example.com,QWEasd123!,Jacksonville,FL,555-2023,4400 Second Ave,42060,Low-sodium,"Greek, Spanish"
25,Sarah,Evans,user24@example.com,QWEasd123!,Milwaukee,WI,555-2024,7241 Oak Ave,12641,Gluten-free,"Mexican, Ethiopian, Turkish"
26,Lillian,Hughes,user25@example.com,QWEasd123!,Mesa,AZ,555-2025,3517 Elm St,55464,Keto,"Thai, Greek, Ethiopian"
27,Matthew,Allen,user26@example.com,QWEasd123!,Miami,FL,555-2026,2014 Oak Ave,17298,Vegan,"Indian, Peruvian, Spanish, Chinese, Vietnamese"
28,Aria,Collins,user27@example.com,QWEasd123!,Albuquerque,NM,555-2027,7474 Maple Ave,17752,No restrictions,"Moroccan, Indian, Vietnamese"
29,Ryan,Anderson,user28@example.com,QWEasd123!,Phoenix,AZ,555-2028,8533 Park Blvd,28629,Vegetarian,"Vietnamese, Italian, Greek, Ethiopian, Korean"
30,Benjamin,Martin,user29@example.com,QWEasd123!,Denver,CO,555-2029,5016 Park Blvd,51324,Dairy-free,"Italian, Vietnamese, Ethiopian, Moroccan, American"
4,Bella,Brown,user3@example.com,QWEasd123!,New York,NY,555-2003,7022 Elm St,73694,Keto,"Thai, Chinese"
31,Anthony,Wang,user30@example.com,QWEasd123!,Chicago,IL,555-2030,982 Elm St,72996,Vegetarian,"Lebanese, Italian, Spanish"
32,Zoe,Foster,user31@example.com,QWEasd123!,Wichita,KS,555-2031,2639 Main St,66503,Keto,"Thai, French, Italian, Caribbean"
33,Audrey,Bell,user32@example.com,QWEasd123!,Atlanta,GA,555-2032,7452 Main St,22922,Paleo,"Moroccan, Korean"
34,Stephanie,Morris,user33@example.com,QWEasd123!,Colorado Springs,CO,555-2033,3168 First St,89415,Low-sodium,"Vietnamese, Moroccan, Mediterranean, Indian"
35,Steven,Patel,user34@example.com,QWEasd123!,Dallas,TX,555-2034,8454 Elm St,41777,Keto,"Chinese, Spanish"
36,Jennifer,Nelson,user35@example.com,QWEasd123!,Fort Worth,TX,555-2035,7752 Second Ave,95957,No restrictions,"Japanese, Caribbean, Thai, Peruvian, Greek"
37,Charles,Jimenez,user36@example.com,QWEasd123!,Boston,MA,555-2036,7736 Second Ave,33566,Gluten-free,"Mediterranean, Thai, American, Italian, Mexican"
38,Paul,Anderson,user37@example.com,QWEasd123!,Jacksonville,FL,555-2037,5603 Main St,99655,No restrictions,"Greek, Thai"
39,Steven,Cruz,user38@example.com,QWEasd123!,Louisville,KY,555-2038,2378 Second Ave,61323,No restrictions,"Peruvian, Caribbean, Greek"
40,Ashley,Evans,user39@example.com,QWEasd123!,New York,NY,555-2039,5780 Elm St,17063,Keto,"Chinese, Turkish, Lebanese, Mexican, Vietnamese"
5,Patrick,Reed,user4@example.com,QWEasd123!,Oklahoma City,OK,555-2004,4759 Maple Ave,67123,Dairy-free,"French, Thai, Vietnamese, Spanish"
41,Heather,Edwards,user40@example.com,QWEasd123!,New Orleans,LA,555-2040,7913 Maple Ave,82921,Dairy-free,"Lebanese, American, Thai"
42,Donald,Cox,user41@example.com,QWEasd123!,San Francisco,CA,555-2041,9908 Maple Ave,66571,Vegetarian,"Moroccan, Turkish, Chinese"
43,Timothy,Ross,user42@example.com,QWEasd123!,Houston,TX,555-2042,7873 Park Blvd,65303,Vegan,"Vietnamese, Greek"
44,Jennifer,Garcia,user43@example.com,QWEasd123!,San Francisco,CA,555-2043,7881 Second Ave,14590,Dairy-free,"Caribbean, Chinese, Italian, Japanese, Peruvian"
45,Isabella,Rogers,user44@example.com,QWEasd123!,Colorado Springs,CO,555-2044,1108 Second Ave,57823,Paleo,"Italian, Spanish, Japanese, Thai, Lebanese"
46,Larry,Thomas,user45@example.com,QWEasd123!,Oklahoma City,OK,555-2045,2575 Main St,42298,Dairy-free,"Greek, Mediterranean, Moroccan, Japanese"
47,Victoria,Martinez,user46@example.com,QWEasd123!,Minneapolis,MN,555-2046,914 Elm St,13124,Paleo,"Mexican, French, Japanese, Peruvian"
48,Ronald,Sanders,user47@example.com,QWEasd123!,Louisville,KY,555-2047,8200 Second Ave,60301,Gluten-free,"Spanish, Japanese"
49,Jessica,Hall,user48@example.com,QWEasd123!,Albuquerque,NM,555-2048,6061 Main St,51837,Paleo,"Mediterranean, Ethiopian, American"
50,Emily,Castillo,user49@example.com,QWEasd123!,Omaha,NE,555-2049,2182 Park Blvd,36367,Dairy-free,"Turkish, Spanish, Japanese"
6,Ronald,Ross,user5@example.com,QWEasd123!,Memphis,TN,555-2005,4898 Second Ave,37455,Keto,"Turkish, Vietnamese, Lebanese, Mexican"
51,Elizabeth,Cruz,user50@example.com,QWEasd123!,San Francisco,CA,555-2050,6416 Second Ave,26465,No restrictions,"Italian, French"
52,Amanda,Russell,user51@example.com,QWEasd123!,Denver,CO,555-2051,4137 Oak Ave,13456,Paleo,"Lebanese, Vietnamese, Caribbean, Chinese"
53,Jerry,Cook,user52@example.com,QWEasd123!,Louisville,KY,555-2052,7212 First St,91601,Vegetarian,"American, Japanese, Vietnamese"
54,Nora,Stewart,user53@example.com,QWEasd123!,Detroit,MI,555-2053,8819 First St,50598,Vegan,"Mexican, Caribbean, Ethiopian, Spanish, Greek"
55,Chloe,Stewart,user54@example.com,QWEasd123!,Wichita,KS,555-2054,6174 Maple Ave,97332,Gluten-free,"Lebanese, Japanese"
56,Scott,Baker,user55@example.com,QWEasd123!,Louisville,KY,555-2055,3844 Main St,58817,Gluten-free,"Caribbean, Brazilian, Spanish, Moroccan, Mexican"
57,Timothy,Scott,user56@example.com,QWEasd123!,New Orleans,LA,555-2056,7058 First St,24935,Low-sodium,"Vietnamese, Moroccan, French, Mexican, Brazilian"
58,Natalie,Kelly,user57@example.com,QWEasd123!,New Orleans,LA,555-2057,2038 Main St,58857,No restrictions,"Ethiopian, Japanese, Chinese"
59,Mark,Mitchell,user58@example.com,QWEasd123!,Houston,TX,555-2058,9960 Maple Ave,27059,No restrictions,"Caribbean, Vietnamese, Japanese, Indian"
60,Jessica,Long,user59@example.com,QWEasd123!,Baltimore,MD,555-2059,6457 Main St,12973,Gluten-free,"Japanese, Italian, Peruvian, Chinese"
7,Tyler,Price,user6@example.com,QWEasd123!,Portland,OR,555-2006,8173 Park Blvd,55433,Keto,"Mediterranean, Indian, Moroccan, Japanese"
61,Nicole,Castillo,user60@example.com,QWEasd123!,Tulsa,OK,555-2060,510 Main St,55084,Dairy-free,"Lebanese, Chinese"
62,Angela,Phillips,user61@example.com,QWEasd123!,Wichita,KS,555-2061,4043 Main St,68497,Paleo,"French, Japanese, Mexican, Lebanese"
63,Evelyn,Sanders,user62@example.com,QWEasd123!,Raleigh,NC,555-2062,7281 Maple Ave,39126,Paleo,"Lebanese, Ethiopian, Greek"
64,Mia,Rodriguez,user63@example.com,QWEasd123!,San Antonio,TX,555-2063,4841 Second Ave,39066,Keto,"Spanish, Mexican, Mediterranean, Turkish, Indian"
65,Robert,Smith,user64@example.com,QWEasd123!,Miami,FL,555-2064,2166 Elm St,91391,Vegetarian,"Mediterranean, Vietnamese, Brazilian, Mexican, French"
66,Michelle,Miller,user65@example.com,QWEasd123!,Long Beach,CA,555-2065,1695 Elm St,47703,No restrictions,"Japanese, Thai, American, Peruvian"
67,John,Flores,user66@example.com,QWEasd123!,Oklahoma City,OK,555-2066,8091 Oak Ave,26832,Low-sodium,"Caribbean, Mediterranean, Korean"
68,Patrick,Hughes,user67@example.com,QWEasd123!,Milwaukee,WI,555-2067,9064 Elm St,24436,Paleo,"Greek, Mediterranean"
69,Frank,Thompson,user68@example.com,QWEasd123!,Baltimore,MD,555-2068,8454 Elm St,45555,Vegan,"Italian, Caribbean, Korean, French, Chinese"
70,Kenneth,Martin,user69@example.com,QWEasd123!,Denver,CO,555-2069,6295 Oak Ave,12165,Paleo,"Caribbean, Peruvian"
8,Jeffrey,Williams,user7@example.com,QWEasd123!,Fort Worth,TX,555-2007,2820 Second Ave,31207,Vegan,"French, Italian, Moroccan, American, Lebanese"
71,Brandon,Ruiz,user70@example.com,QWEasd123!,Dallas,TX,555-2070,1229 First St,83794,Dairy-free,"Korean, Moroccan, Greek, Italian, Turkish"
72,Christopher,Scott,user71@example.com,QWEasd123!,Tucson,AZ,555-2071,4124 First St,13159,Dairy-free,"Korean, Peruvian, Chinese, Mediterranean, Thai"
73,Andrew,Russell,user72@example.com,QWEasd123!,Las Vegas,NV,555-2072,4737 Elm St,84668,Keto,"American, Vietnamese, Indian"
74,Robert,Chen,user73@example.com,QWEasd123!,Seattle,WA,555-2073,8319 Main St,53886,Gluten-free,"Korean, Turkish"
75,Joseph,Peterson,user74@example.com,QWEasd123!,Nashville,TN,555-2074,1386 Main St,19762,Gluten-free,"Moroccan, Korean, Thai, Brazilian"
76,Nicholas,Evans,user75@example.com,QWEasd123!,Fresno,CA,555-2075,8961 First St,83862,Vegetarian,"Thai, Greek, Peruvian, Mexican"
77,Amy,Cooper,user76@example.com,QWEasd123!,Dallas,TX,555-2076,9940 Second Ave,51477,Gluten-free,"Spanish, Chinese, Korean, American"
78,Elizabeth,Jimenez,user77@example.com,QWEasd123!,El Paso,TX,555-2077,5949 First St,47227,Keto,"Thai, Moroccan, Chinese"
79,Kimberly,Adams,user78@example.com,QWEasd123!,San Diego,CA,555-2078,833 Main St,53926,Keto,"Moroccan, Thai"
80,Addison,James,user79@example.com,QWEasd123!,Sacramento,CA,555-2079,4043 Main St,40374,Gluten-free,"Korean, French, Thai, Indian, Peruvian"
9,Matthew,Martinez,user8@example.com,QWEasd123!,Virginia Beach,VA,555-2008,2200 Second Ave,51875,No restrictions,"Chinese, French, Moroccan"
81,Layla,Stewart,user80@example.com,QWEasd123!,Austin,TX,555-2080,4315 Oak Ave,55672,Low-sodium,"Moroccan, Mexican"
82,Steven,Baker,user81@example.com,QWEasd123!,Indianapolis,IN,555-2081,426 Maple Ave,93095,Gluten-free,"Italian, Korean, Brazilian, Mediterranean, American"
83,Anthony,Torres,user82@example.com,QWEasd123!,Colorado Springs,CO,555-2082,2253 Park Blvd,65562,Dairy-free,"Lebanese, Spanish, Vietnamese, Indian, American"
84,Andrew,Martinez,user83@example.com,QWEasd123!,Oakland,CA,555-2083,5987 First St,42598,Low-sodium,"Lebanese, Japanese"
85,Andrew,Patel,user84@example.com,QWEasd123!,Minneapolis,MN,555-2084,9386 Second Ave,94534,Low-sodium,"Chinese, Mediterranean, Thai, Brazilian"
86,Michelle,Ferrari,user85@example.com,QWEasd123!,New Orleans,LA,555-2085,4326 Elm St,20720,Vegan,"Vietnamese, Moroccan, Spanish, Indian"
87,Brian,Rivera,user86@example.com,QWEasd123!,Los Angeles,CA,555-2086,1742 Elm St,82465,Keto,"American, French"
88,Aubrey,Moore,user87@example.com,QWEasd123!,Memphis,TN,555-2087,3588 Main St,28228,Low-sodium,"Mexican, Peruvian, Chinese"
89,Zoey,Davis,user88@example.com,QWEasd123!,Sacramento,CA,555-2088,9707 Main St,33045,Keto,"Mediterranean, Brazilian, Lebanese, Greek, Italian"
90,William,Evans,user89@example.com,QWEasd123!,Atlanta,GA,555-2089,6187 Oak Ave,90222,Gluten-free,"Italian, Brazilian, Thai, Vietnamese, Chinese"
10,Brandon,Parker,user9@example.com,QWEasd123!,Raleigh,NC,555-2009,6064 First St,71313,Dairy-free,"Peruvian, Indian, Korean, Chinese"
91,Aubrey,Scott,user90@example.com,QWEasd123!,Columbus,OH,555-2090,3062 Second Ave,95866,Vegetarian,"Peruvian, Thai"
92,Abigail,Moore,user91@example.com,QWEasd123!,Indianapolis,IN,555-2091,9922 Maple Ave,63280,No restrictions,"Ethiopian, Caribbean, Lebanese, Vietnamese, Spanish"
93,Emma,Scott,user92@example.com,QWEasd123!,Louisville,KY,555-2092,6202 Second Ave,33701,Paleo,"Vietnamese, Japanese, Mediterranean, Peruvian"
94,Mia,Watson,user93@example.com,QWEasd123!,San Antonio,TX,555-2093,1836 Main St,51225,No restrictions,"Greek, Indian, Moroccan"
95,Lillian,Turner,user94@example.com,QWEasd123!,Fort Worth,TX,555-2094,5136 Elm St,40908,Paleo,"Vietnamese, American, Peruvian, Chinese, Mexican"
96,Lisa,Morgan,user95@example.com,QWEasd123!,Philadelphia,PA,555-2095,4144 Elm St,53904,Gluten-free,"Lebanese, Mexican, Caribbean"
97,Alexander,Sullivan,user96@example.com,QWEasd123!,San Jose,CA,555-2096,7822 Oak Ave,44106,No restrictions,"Korean, Ethiopian, Greek, French"
98,Olivia,Reed,user97@example.com,QWEasd123!,San Jose,CA,555-2097,1561 First St,78464,Dairy-free,"Korean, Mexican, Italian"
99,Joshua,Turner,user98@example.com,QWEasd123!,Mesa,AZ,555-2098,7446 Maple Ave,81339,Vegetarian,"Korean, Vietnamese, Thai"
100,Charles,Morgan,user99@example.com,QWEasd123!,Baltimore,MD,555-2099,6676 Elm St,66555,Vegan,"Korean, Vietnamese, Mediterranean, Ethiopian"
